"","Wage","Age","Potential","Special","Acceleration","Aggression","Agility","Balance","Ball.control","Composure","Crossing","Curve","Dribbling","Finishing","Free.kick.accuracy","GK.diving","GK.handling","GK.kicking","GK.positioning","GK.reflexes","Heading.accuracy","Interceptions","Jumping","Long.passing","Long.shots","Marking","Penalties","Positioning","Reactions","Short.passing","Shot.power","Sliding.tackle","Sprint.speed","Stamina","Standing.tackle","Strength","Vision","Volleys","CAM","CB","CDM","CF","CM","LAM","LB","LCB","LCM","LDM","LF","LM","LS","LW","LWB","RAM","RB","RCB","RCM","RDM","RF","RM","RS","RW","RWB","ST"
"K. Walker Manchester City",2.32069891953674,0.501154557585648,2.39569689810734,2.53321184982771,1.4954139355965,1.17850801200196,-0.128717379226179,0.112265120080448,1.50063298711267,1.7502929055241,1.47754917184503,1.83676351301852,1.51816557995788,0.535657315408669,2.11725953437294,0.226499058202948,-1.49819086068277,1.82174299794712,1.48896944210559,-0.99947582798256,1.86036810456798,1.82649352284284,1.40286276755872,0.951626266043943,1.60717826399952,1.91021700703998,1.3862594292045,1.04648403358958,2.45305061538433,1.5002536460026,2.1448252788396,1.81519448313092,2.10565470173661,1.70420854431098,2.08360683022208,1.36743035649961,1.46930475413138,1.24107065244665,1.75852333475623,2.38151461399218,2.35028850560593,1.79726539256975,1.91218817518397,1.75852333475623,2.73119325156278,2.38151461399218,1.91218817518397,2.35028850560593,1.79726539256975,1.86938259109808,1.95117499350339,1.75551243412286,2.56196556875423,1.75852333475623,2.73119325156278,2.38151461399218,1.91218817518397,2.35028850560593,1.79726539256975,1.86938259109808,1.95117499350339,1.75551243412286,2.56196556875423,1.95117499350339
"A. Oxlade-Chamberlain Liverpool",2.15562131971723,-0.583819226878126,2.58038718760901,1.61508445619395,1.62183781904065,0.253900231726449,1.62326917135237,1.96133768611136,2.21092508469418,1.53124552163849,1.18882213144107,1.14688214584742,2.34464586975997,1.82600590920688,0.70425793834015,1.43067126637052,-0.502557693773333,-1.29361554903086,-0.577221633944019,-0.669460224403413,-1.57904884691192,-0.930753089116398,-0.153451738402943,1.47614468039887,2.04025025130478,-0.822106512111555,1.9704356435181,1.83486662391715,1.51594448112888,1.84419825916913,1.36359752826889,-0.685831399734986,1.54250201787939,0.285643108219734,-0.606295430105606,0.586496936121045,1.75412382954761,1.32386126140911,2.40368388733975,-0.38768842553361,0.75722323332022,2.30799033497794,1.91218817518397,2.40368388733975,0.29960625494091,-0.38768842553361,1.91218817518397,0.75722323332022,2.30799033497794,2.26860666987496,1.95117499350339,2.41382959691893,0.717350359251185,2.40368388733975,0.29960625494091,-0.38768842553361,1.91218817518397,0.75722323332022,2.30799033497794,2.26860666987496,1.95117499350339,2.41382959691893,0.717350359251185,1.95117499350339
"M. Antonio West Ham United",2.25883159551495,0.501154557585648,1.84162602960234,2.01676519090872,0.989718401819904,0.947356066933079,1.87355296429217,0.574533261588175,1.73739701963984,1.20267444581007,0.996337437838428,1.07022866060618,2.13802579730945,2.28142305995919,1.25375855901957,0.226499058202948,0.824953195439245,-0.67054383963526,1.14460426276399,-0.339444620824266,3.37775793610324,-2.05407578287757,1.49441067967412,0.951626266043943,1.89589292220302,-1.63168385111942,2.3598864530605,2.13051009528999,1.78368909091615,1.27095723722491,1.43461823286622,-0.772073671557949,1.42987148110795,0.488295313375627,-0.705921439747372,2.37148761127205,1.08954598690973,2.23455795999607,2.01658755578964,0.304612334347837,0.177926770670871,2.30799033497794,1.513023645573,2.01658755578964,0.147632067652043,0.304612334347837,1.513023645573,0.177926770670871,2.30799033497794,2.0024572840237,2.86930151093296,2.1505027318005,0.256196556875424,2.01658755578964,0.147632067652043,0.304612334347837,1.513023645573,0.177926770670871,2.30799033497794,2.0024572840237,2.86930151093296,2.1505027318005,0.256196556875424,2.86930151093296
"D. Janmaat Watford",1.62719420973677,0.501154557585648,1.10286487159567,1.86756948944324,-0.27452043262158,1.64081190213971,-0.0035754827562823,-0.927838198311937,1.50063298711267,0.764579678038837,1.38130682504371,0.916921690123714,1.2082354712821,0.839268749243542,0.939758204345615,1.12962821432863,-0.170679971470189,-0.982079694333058,0.111508724739186,-1.32949143156171,1.55689013826093,1.31589229840594,0.304287822174018,1.03904600176976,1.31846360579601,1.40423117016007,1.2888967268189,1.24357968117147,2.18530600559706,0.927012624058374,1.43461823286622,1.12525630854722,0.0783050398506229,1.90686074946687,1.38622476272972,1.14430652210573,1.56424444593679,2.06897674207117,1.50045911372282,1.82767400608702,1.91581615861892,1.54190292136566,1.77913333198031,1.50045911372282,1.81934812782958,1.82767400608702,1.77913333198031,1.91581615861892,1.54190292136566,1.4701585123212,1.68885313138065,1.36052213644522,1.94709383225321,1.50045911372282,1.81934812782958,1.82767400608702,1.77913333198031,1.91581615861892,1.54190292136566,1.4701585123212,1.68885313138065,1.36052213644522,1.94709383225321,1.68885313138065
"J. Damm Tigres U.A.N.L.",1.6697515041432,-0.312575780762182,1.472245450599,0.983871873070745,2.63322888659383,0.176849583370157,1.74841106782227,-0.350003021427278,1.50063298711267,1.09315075386726,0.996337437838428,1.07022866060618,1.62147561618314,1.97781162612432,1.17525847035108,-0.977673149964624,1.48870864004553,1.82174299794712,0.111508724739186,-0.339444620824266,1.05109352774918,-1.23711382377853,0.0296440858278418,0.514527587414835,0.668855624838122,-2.03647252062335,1.1915340244333,1.34212750496241,1.11432756644797,0.927012624058374,0.866452596087521,-2.15195002072535,2.3309157752795,0.488295313375627,-2.79806764222446,0.140249267333293,0.614847527882669,0.744326998671945,1.62949122423953,-1.21844933739135,-0.546193807640815,1.79726539256975,0.847749429554721,1.62949122423953,-0.460264681503425,-1.21844933739135,0.847749429554721,-0.546193807640815,1.79726539256975,1.73630789817245,1.95117499350339,1.88717586668207,-0.204957245500338,1.62949122423953,-0.460264681503425,-1.21844933739135,0.847749429554721,-0.546193807640815,1.79726539256975,1.73630789817245,1.95117499350339,1.88717586668207,-0.204957245500338,1.95117499350339
"A. Eschenko Spartak Moscow",1.53433119590141,2.12861523428131,0.733484292592336,1.11011438969539,0.48402286804331,1.02440671528937,0.872417792532994,1.73020361535749,1.14548693832192,1.85981659746691,0.996337437838428,-0.156227103253563,-0.0314849634210318,1.29468589999585,0.390257583666198,-1.27871620200652,-0.170679971470189,1.19867128855153,-1.61031717196882,-1.32949143156171,1.15225284985153,1.41801254329332,-1.61821833224922,1.21388547322141,0.30796230208374,0.999442500656134,0.607357810119696,0.947936209798629,1.38207217623525,0.812364419669529,0.0142041409194678,1.21149858037019,0.754088260479285,0.893599723687411,1.08734673380442,0.251811184530231,1.46930475413138,-0.249160308877474,1.11336278217271,1.27383339818186,1.62616792729424,1.03117797895748,1.37996880236934,1.11336278217271,1.51539975325185,1.27383339818186,1.37996880236934,1.62616792729424,1.03117797895748,1.07093443354432,1.03304847607382,1.09719527132679,1.48594002987745,1.11336278217271,1.51539975325185,1.27383339818186,1.37996880236934,1.62616792729424,1.03117797895748,1.07093443354432,1.03304847607382,1.09719527132679,1.48594002987745,1.03304847607382
"D. Suárez Getafe CF",0.947596869381193,1.04364144981753,0.548794003090669,1.68394401071648,0.357598984599162,1.33260930871454,1.24784348194268,0.343399190834312,0.198430808213246,0.655055986096029,0.996337437838428,0.84026820488248,-0.0314849634210318,1.14288018307841,2.03875944570445,1.43067126637052,-0.502557693773333,-0.359007984937462,1.48896944210559,-1.32949143156171,-0.0616590153766704,1.11165180863118,1.12821903121255,0.864206530318121,1.75153559310127,0.797048165904169,1.7757102387469,0.35664926705295,0.712710651767068,0.927012624058374,1.71870105125557,1.55646766766204,1.09197987079362,1.0962519288433,0.688842695237354,1.0327446049088,-0.144670006560628,1.40665187037156,0.726266450622594,1.27383339818186,1.19169558030723,0.775815507753385,0.847749429554721,0.726266450622594,1.36342556596298,1.27383339818186,0.847749429554721,1.19169558030723,0.775815507753385,0.671710354767445,1.16420940713518,0.833868406208358,1.3322220957522,0.726266450622594,1.36342556596298,1.27383339818186,0.847749429554721,1.19169558030723,0.775815507753385,0.671710354767445,1.16420940713518,0.833868406208358,1.3322220957522,1.16420940713518
"Laure AD Alcorcón",0.41184336402257,1.85737178816537,0.364103713589002,0.524808176253867,-0.27452043262158,0.408001528439033,0.121566413713614,1.84577065073442,0.908722905794752,0.326484910267607,0.803852744235788,0.686961234400012,0.0718250728042291,0.00433730619764103,-0.394743303018683,-0.676630097922731,-1.49819086068277,1.51020714324932,-0.921586813285621,-0.00942901724511846,0.0395003067256798,1.82649352284284,0.121191997943234,0.601947323140657,-1.4243256471373,0.999442500656134,-0.0741811065795046,-1.12156808981125,1.51594448112888,0.583068010891839,0.866452596087521,1.12525630854722,-0.259586570463708,-0.220987404669996,0.78846870487912,-0.975369904636087,0.23508876066102,0.9926988255593,0.210138008555776,0.996913094229284,1.19169558030723,0.137409329743154,0.448584899943754,0.210138008555776,1.21145137867411,0.996913094229284,0.448584899943754,1.19169558030723,0.137409329743154,0.272486275990568,0.114921958644245,0.175551243412286,1.17850416162695,0.210138008555776,1.21145137867411,0.996913094229284,0.448584899943754,1.19169558030723,0.137409329743154,0.272486275990568,0.114921958644245,0.175551243412286,1.17850416162695,0.114921958644245
"A. Uchida 1. FC Union Berlin",1.18732458479771,1.04364144981753,0.364103713589002,0.800246394343994,-0.653792082954026,-0.208403658411304,0.246708310183511,0.458966226211243,1.50063298711267,1.20267444581007,1.18882213144107,1.22353563108865,1.31154550750736,-0.602885561472105,-0.630243569024148,-0.375587045880838,0.824953195439245,1.82174299794712,1.48896944210559,1.64064900065062,0.646456239339781,1.41801254329332,0.395835734289411,1.47614468039887,0.235783637532863,1.40423117016007,-0.755720023278705,1.53922315254431,1.38207217623525,1.38560544161375,0.866452596087521,1.21149858037019,-0.59747818077804,-1.84220504591713,1.08734673380442,-2.09098907660547,1.08954598690973,-0.663113353689731,1.24239489268941,0.996913094229284,1.33651969596957,1.03117797895748,1.37996880236934,1.24239489268941,1.21145137867411,0.996913094229284,1.37996880236934,1.33651969596957,1.03117797895748,1.07093443354432,0.639565682889715,0.965531838767573,1.17850416162695,1.24239489268941,1.21145137867411,0.996913094229284,1.37996880236934,1.33651969596957,1.03117797895748,1.07093443354432,0.639565682889715,0.965531838767573,1.17850416162695,0.639565682889715
"Bustinza CD Leganés",0.873928874533002,-0.0413323346462388,1.10286487159567,0.0370529983859334,-0.780215966398174,0.63915347350791,-0.879568758045559,-0.00330191529648334,0.671958873267584,0.545532294153222,1.09257978463975,-0.539494529459733,-0.651345180772597,-1.05830271222441,-0.708743657692636,0.828585162286734,0.493075473136101,0.264063724458134,0.80023908342239,-1.32949143156171,1.86036810456798,1.62225303306808,0.670479470635587,-0.272250034117558,-0.558181672526778,0.999442500656134,-1.53462164236351,-0.333185499483676,0.177221432192527,0.697716215280684,-0.838044314248586,0.952771764901299,-0.372217107235152,0.690947518531519,1.18697274344618,0.698058853317983,-0.334549390171453,-1.5738100522767,-0.176958322994338,1.41229355015815,1.04687146464489,-0.37331561266503,0.182475213536442,-0.176958322994338,1.21145137867411,1.41229355015815,0.182475213536442,1.04687146464489,-0.37331561266503,0.00633689013931597,-0.278560834539857,-0.219439054265357,1.17850416162695,-0.176958322994338,1.21145137867411,1.41229355015815,0.182475213536442,1.04687146464489,-0.37331561266503,0.00633689013931597,-0.278560834539857,-0.219439054265357,1.17850416162695,-0.278560834539857
"H. Traoré Stade Rennais FC",0.873928874533002,-0.0413323346462388,0.918174582094003,1.21340372147918,0.863294518375756,0.793254770220494,0.121566413713614,1.26793547384977,0.671958873267584,0.326484910267607,1.28506447824239,1.45349608681235,0.898305362606316,0.307948740032514,-0.787243746361124,-0.375587045880838,1.15683091774239,-0.359007984937462,-1.26595199262722,1.64064900065062,1.45573081615858,1.21377205351856,1.6775065039049,1.21388547322141,0.885391618490752,0.0886679942722893,-0.171543808965105,1.34212750496241,1.51594448112888,1.04166082844722,0.866452596087521,0.780287221255374,0.641457723707842,0.285643108219734,0.888094714520887,-0.305998401454459,0.899666603298906,-0.828694571614634,1.11336278217271,1.13537324620557,1.19169558030723,1.15885921455952,1.24691395916569,1.11336278217271,1.21145137867411,1.13537324620557,1.24691395916569,1.19169558030723,1.15885921455952,1.20400912646995,1.03304847607382,1.09719527132679,1.3322220957522,1.11336278217271,1.21145137867411,1.13537324620557,1.24691395916569,1.19169558030723,1.15885921455952,1.20400912646995,1.03304847607382,1.09719527132679,1.3322220957522,1.03304847607382
"O. Kuzmin Rubin Kazan",1.07671780351017,2.94234557262914,0.364103713589002,1.4314589774672,0.48402286804331,0.562102825151618,1.12270158547279,0.343399190834312,0.790340889531168,2.07886398135253,0.515125703831828,0.916921690123714,0.691685290155795,1.21878304153713,0.939758204345615,1.43067126637052,1.15683091774239,0.575599579155931,0.80023908342239,1.64064900065062,1.05109352774918,1.0095315637438,0.487383646404803,1.21388547322141,0.741034289388999,1.809019839664,0.315269702962896,1.04648403358958,0.980455261554339,1.15630903283606,1.15053541447687,1.55646766766204,-0.372217107235152,-1.84220504591713,1.38622476272972,-0.529122235848335,0.709787219688081,1.82060491518382,1.11336278217271,1.41229355015815,1.33651969596957,1.15885921455952,1.11385911596203,1.11336278217271,1.21145137867411,1.41229355015815,1.11385911596203,1.33651969596957,1.15885921455952,0.804785047693071,1.29537033819655,0.965531838767573,1.02478622750169,1.11336278217271,1.21145137867411,1.41229355015815,1.11385911596203,1.33651969596957,1.15885921455952,0.804785047693071,1.29537033819655,0.965531838767573,1.02478622750169,1.29537033819655
"D. Stotskiy FC Ufa",0.792492684394463,0.501154557585648,0.364103713589002,1.40850579262636,0.989718401819904,0.0227482866575722,2.49926244664165,1.73020361535749,0.908722905794752,0.545532294153222,1.28506447824239,0.610307749158778,0.794995326381056,1.59829733383072,1.41075873635654,0.828585162286734,-0.834435416076478,1.19867128855153,1.14460426276399,1.31063339707147,1.45573081615858,0.0904493597573929,0.395835734289411,1.03904600176976,1.0297489475925,-0.214923507855659,1.2888967268189,0.849388386007682,0.712710651767068,1.15630903283606,0.937473300684859,0.435318133963525,0.528827186936398,1.0962519288433,0.589216685595588,-3.31817016577178,1.27942537052055,0.909908216596848,1.37142700320612,0.166152182371548,0.612399117657883,1.28654045016157,1.24691395916569,1.37142700320612,0.907503004096378,0.166152182371548,1.24691395916569,0.612399117657883,1.28654045016157,1.33708381939557,1.29537033819655,1.36052213644522,1.02478622750169,1.37142700320612,0.907503004096378,0.166152182371548,1.24691395916569,0.612399117657883,1.28654045016157,1.33708381939557,1.29537033819655,1.36052213644522,1.02478622750169,1.29537033819655
"R. Utsiev Terek Grozny",0.947596869381193,1.04364144981753,0.179413424087334,0.547761361094711,0.357598984599162,-0.208403658411304,0.872417792532994,1.15236843847283,0.435194840740415,0.983627061924451,0.707610397434468,1.07022866060618,-0.134794999646293,-0.0715655522610772,-0.159243037013219,-0.0745439938389447,0.161197750832956,-0.359007984937462,-0.232856454602416,0.650602189913176,0.545296917237431,0.907411318856425,0.212739910058626,0.7767867945923,-0.341645678874149,1.2018368354081,0.802083214890896,-0.333185499483676,0.444966041979797,0.468419806502995,-0.482940791261897,1.03901403672426,-0.259586570463708,-0.220987404669996,1.18697274344618,-1.08693182183302,0.519907836077257,0.330373953859687,0.210138008555776,0.858452942252995,0.902047348982557,0.00972809414110824,0.448584899943754,0.210138008555776,1.05947719138525,0.858452942252995,0.448584899943754,0.902047348982557,0.00972809414110824,0.272486275990568,-0.0162389724171221,0.175551243412286,0.871068293376438,0.210138008555776,1.05947719138525,0.858452942252995,0.448584899943754,0.902047348982557,0.00972809414110824,0.272486275990568,-0.0162389724171221,0.175551243412286,0.871068293376438,-0.0162389724171221
"F. Hadergjonaj Huddersfield Town",0.540964298151547,-0.855062672994069,1.472245450599,0.519069880043656,0.104751217710865,0.0997989350138644,-0.0035754827562823,0.112265120080448,1.02710492205834,-0.768752009160467,1.18882213144107,-0.616148014700967,0.485065217705273,0.232045881573796,-0.159243037013219,1.12962821432863,-1.49819086068277,0.575599579155931,-0.921586813285621,-0.00942901724511846,0.747615561442131,0.601050584194288,0.304287822174018,1.03904600176976,-0.341645678874149,0.797048165904169,-0.463631916121905,0.159553619471056,0.712710651767068,0.697716215280684,0.227266254711481,0.866529493078337,0.30356611339351,0.082990903063842,0.78846870487912,0.028687350136355,0.614847527882669,-0.0835790909525704,0.597234340105889,0.858452942252995,0.902047348982557,0.520453036549292,0.847749429554721,0.597234340105889,1.05947719138525,0.858452942252995,0.847749429554721,0.902047348982557,0.520453036549292,0.804785047693071,0.508404751828348,0.702204973649144,1.02478622750169,0.597234340105889,1.05947719138525,0.858452942252995,0.847749429554721,0.902047348982557,0.520453036549292,0.804785047693071,0.508404751828348,0.702204973649144,1.02478622750169,0.508404751828348
"An Hyeon Beom Jeju United FC",-0.197578136184242,-0.855062672994069,1.65693574010067,0.375612474788381,1.36899005215235,-0.670707548549058,1.37298537841258,-0.118868950673415,0.908722905794752,0.874103369981644,0.226398663427867,-0.539494529459733,0.898305362606316,1.52239447537201,-1.02274401236659,-0.676630097922731,-0.834435416076478,0.887135433853729,1.8333346214472,0.320586586334029,-0.668614947990771,0.192569604644772,-1.89286206859539,-0.0974105626659154,0.235783637532863,0.189865161648272,-0.366269213736305,1.63777097633525,0.980455261554339,0.812364419669529,0.156245550114143,-0.0821354969742496,1.09197987079362,0.690947518531519,-0.108165381896775,0.028687350136355,0.804726911493493,-0.0835790909525704,1.11336278217271,-0.110768121581031,0.322750886333208,1.28654045016157,0.847749429554721,1.11336278217271,0.451580442229777,-0.110768121581031,0.847749429554721,0.322750886333208,1.28654045016157,1.20400912646995,1.16420940713518,1.228858703886,0.717350359251185,1.11336278217271,0.451580442229777,-0.110768121581031,0.847749429554721,0.322750886333208,1.28654045016157,1.20400912646995,1.16420940713518,1.228858703886,0.717350359251185,1.16420940713518
"H. Palacios Club Brugge KV",0.540964298151547,-0.312575780762182,1.10286487159567,0.410042252049647,1.74826170248479,1.56376125378342,-0.379001172165972,-0.350003021427278,-0.748625321895428,0.326484910267607,0.515125703831828,-1.38268286711331,0.0718250728042291,-1.28601128760057,-0.787243746361124,0.828585162286734,1.48870864004553,1.82174299794712,1.48896944210559,-1.65950703514085,0.444137595135081,-0.113791130017365,-1.43512250801843,0.951626266043943,-1.49650431168817,0.291062329024255,-0.950445428049905,-0.23463767569273,1.11432756644797,0.35377160211415,0.653390482295508,0.866529493078337,1.76776309142228,1.80553464688893,0.489590675953822,0.698058853317983,1.08954598690973,1.73781430622136,0.0811058980390711,0.719992790276705,0.75722323332022,0.00972809414110824,0.448584899943754,0.0811058980390711,0.907503004096378,0.719992790276705,0.448584899943754,0.75722323332022,0.00972809414110824,0.538635661841819,-0.0162389724171221,0.0438878108530718,0.871068293376438,0.0811058980390711,0.907503004096378,0.719992790276705,0.448584899943754,0.75722323332022,0.00972809414110824,0.538635661841819,-0.0162389724171221,0.0438878108530718,0.871068293376438,-0.0162389724171221
"Nsue Birmingham City",0.834282803625923,0.501154557585648,-0.00527686541433267,1.4831036433591,1.11614228526405,0.870305418576786,1.37298537841258,0.22783215545738,0.790340889531168,0.436008602210414,0.900095091037108,0.84026820488248,1.00161539883158,1.14288018307841,1.0182582930141,1.12962821432863,-0.834435416076478,-0.359007984937462,0.80023908342239,1.64064900065062,0.444137595135081,0.0904493597573929,1.6775065039049,0.601947323140657,0.813212953939875,-0.214923507855659,0.0231815958060955,1.34212750496241,1.38207217623525,0.468419806502995,1.29257682367155,0.780287221255374,1.3172409443365,1.50155633915509,0.0910866373867573,1.0327446049088,0.614847527882669,1.24107065244665,1.11336278217271,0.719992790276705,0.75722323332022,1.28654045016157,0.980804272758377,1.11336278217271,0.907503004096378,0.719992790276705,0.980804272758377,0.75722323332022,1.28654045016157,1.20400912646995,1.42653126925792,1.228858703886,1.02478622750169,1.11336278217271,0.907503004096378,0.719992790276705,0.980804272758377,0.75722323332022,1.28654045016157,1.20400912646995,1.42653126925792,1.228858703886,1.02478622750169,1.42653126925792
"R. Mphahlele Kaizer Chiefs",-1.44155925221082,0.501154557585648,0.179413424087334,-0.330197959067569,-0.0216726657332834,-1.82646727389344,-1.50527824039504,-0.234435986050347,1.02710492205834,1.31219813775287,0.515125703831828,-0.539494529459733,0.17513510902949,-1.51371986297672,-0.159243037013219,-0.0745439938389447,0.824953195439245,-0.359007984937462,0.80023908342239,0.650602189913176,0.848774883544481,0.907411318856425,-0.428095474749119,0.951626266043943,-1.20778965348467,1.2018368354081,-1.24253353520671,-0.628828970856516,-0.49214009227565,0.239123397725305,-1.69029276941664,0.952771764901299,-0.259586570463708,-0.0183351995141041,1.38622476272972,0.698058853317983,-0.429489081976865,-0.828694571614634,-0.305990433511042,0.858452942252995,0.75722323332022,-0.500996848267076,0.315530056740098,-0.305990433511042,0.907503004096378,0.858452942252995,0.315530056740098,0.75722323332022,-0.500996848267076,0.00633689013931597,-0.803204558785327,-0.219439054265357,0.871068293376438,-0.305990433511042,0.907503004096378,0.858452942252995,0.315530056740098,0.75722323332022,-0.500996848267076,0.00633689013931597,-0.803204558785327,-0.219439054265357,0.871068293376438,-0.803204558785327
"D. Foulquier RC Strasbourg",1.10588839465917,-0.312575780762182,0.918174582094003,0.570714545935554,-0.527368199509877,0.330950880082741,-0.629284965105765,-0.927838198311937,0.671958873267584,0.216961218324799,0.611368050633148,0.45700077867631,1.41485554373262,0.232045881573796,-0.316243214350195,-0.0745439938389447,-1.16631313837962,-1.29361554903086,-0.232856454602416,0.980617793492323,0.14065962882803,1.0095315637438,0.395835734289411,0.252268380237371,0.235783637532863,0.291062329024255,0.0231815958060955,0.947936209798629,-0.49214009227565,0.583068010891839,0.227266254711481,1.29774085219315,0.641457723707842,-0.220987404669996,1.18697274344618,1.47899227369655,0.140149068855608,0.247583344897236,0.597234340105889,0.996913094229284,0.902047348982557,0.648134272151338,0.58163974314741,0.597234340105889,0.907503004096378,0.996913094229284,0.58163974314741,0.902047348982557,0.648134272151338,0.671710354767445,0.639565682889715,0.702204973649144,0.871068293376438,0.597234340105889,0.907503004096378,0.996913094229284,0.58163974314741,0.902047348982557,0.648134272151338,0.671710354767445,0.639565682889715,0.702204973649144,0.871068293376438,0.639565682889715
"C. Gunter Reading",0.947596869381193,0.501154557585648,-0.00527686541433267,0.576452842145765,0.357598984599162,0.330950880082741,0.246708310183511,-0.118868950673415,0.198430808213246,-0.987799393046082,-0.0623283769760928,0.686961234400012,-0.341415072096814,0.232045881573796,-1.65074472171449,0.226499058202948,-0.834435416076478,1.82174299794712,1.8333346214472,-0.669460224403413,0.646456239339781,0.703170829081667,0.578931558520195,0.514527587414835,-0.197288349772396,0.999442500656134,-0.171543808965105,0.750840562216736,1.24819987134161,0.35377160211415,-0.553961495859235,0.60780267760945,0.190935576622067,1.90686074946687,0.688842695237354,0.028687350136355,0.424968144271845,1.1582800434842,0.33917011907248,0.858452942252995,0.902047348982557,0.2650905653452,0.58163974314741,0.33917011907248,0.907503004096378,0.858452942252995,0.58163974314741,0.902047348982557,0.2650905653452,0.405560968916193,0.37724382076698,0.307214675971501,0.871068293376438,0.33917011907248,0.907503004096378,0.858452942252995,0.58163974314741,0.902047348982557,0.2650905653452,0.405560968916193,0.37724382076698,0.307214675971501,0.871068293376438,0.37724382076698
"Aday Benítez Girona CF",0.701454769223675,1.04364144981753,-0.00527686541433267,0.438733733100702,-0.148096549177432,-0.05430236169872,1.24784348194268,-0.234435986050347,1.61901500337626,0.107437526381992,0.707610397434468,1.07022866060618,1.31154550750736,0.839268749243542,0.547257761003174,-0.676630097922731,1.48870864004553,0.264063724458134,-0.921586813285621,1.64064900065062,-0.162818337479021,0.0904493597573929,-2.44214954128775,0.514527587414835,-0.486003007975902,-0.0125291731036934,0.607357810119696,0.947936209798629,1.11432756644797,1.04166082844722,-0.624982200456572,0.176591318494638,0.30356611339351,0.893599723687411,-0.108165381896775,-1.08693182183302,-0.0497303147552161,0.0820021269723327,0.984330671656003,-0.110768121581031,0.612399117657883,0.903496743355431,0.847749429554721,0.984330671656003,0.603554629518644,-0.110768121581031,0.847749429554721,0.612399117657883,0.903496743355431,1.07093443354432,0.639565682889715,1.09719527132679,0.871068293376438,0.984330671656003,0.603554629518644,-0.110768121581031,0.847749429554721,0.612399117657883,0.903496743355431,1.07093443354432,0.639565682889715,1.09719527132679,0.871068293376438,0.639565682889715
"J. Hochscheidt Eintracht Braunschweig",0.792492684394463,1.04364144981753,-0.189967154916,1.24209520253024,-0.148096549177432,0.870305418576786,0.496992103123304,1.0368014030959,0.316812824476831,1.09315075386726,0.707610397434468,1.30018911632988,0.691685290155795,1.82600590920688,1.88175926836747,1.12962821432863,-1.16631313837962,-0.359007984937462,0.455873904080788,-0.669460224403413,-0.162818337479021,-0.215911374904744,0.304287822174018,1.21388547322141,1.46282093489776,-0.518515009983607,1.1915340244333,1.44067532875336,0.846582956660704,0.927012624058374,1.22155611907421,-1.03080048702684,-0.259586570463708,0.082990903063842,-0.407043410822073,0.809620770514921,1.27942537052055,1.90339552414627,1.24239489268941,-0.110768121581031,0.467575001995546,1.28654045016157,1.11385911596203,1.24239489268941,-0.156316306925691,-0.110768121581031,1.11385911596203,0.467575001995546,1.28654045016157,0.937859740618697,1.42653126925792,1.09719527132679,0.10247862275017,1.24239489268941,-0.156316306925691,-0.110768121581031,1.11385911596203,0.467575001995546,1.28654045016157,0.937859740618697,1.42653126925792,1.09719527132679,0.10247862275017,1.42653126925792
"P. Wszołek Queens Park Rangers",0.911640203690656,-0.0413323346462388,0.179413424087334,0.346920993737326,0.231175101155013,-0.208403658411304,0.121566413713614,-1.1589722690658,1.14548693832192,1.09315075386726,0.803852744235788,0.45700077867631,1.10492543505684,0.839268749243542,0.625757849671662,0.828585162286734,0.493075473136101,-0.0474721302396643,-0.232856454602416,-0.339444620824266,-0.0616590153766704,-2.56467700731446,-0.611191298979904,1.03904600176976,1.0297489475925,-2.23886685537531,0.217907000577296,1.24357968117147,0.846582956660704,1.04166082844722,0.724411186892846,-2.15195002072535,0.30356611339351,0.893599723687411,-2.3995636036574,1.14430652210573,1.46930475413138,1.1582800434842,1.24239489268941,-1.49536964134393,-0.691017923303152,1.28654045016157,0.980804272758377,1.24239489268941,-1.06816143065889,-1.49536964134393,0.980804272758377,-0.691017923303152,1.28654045016157,1.20400912646995,1.16420940713518,1.228858703886,-0.666111047876099,1.24239489268941,-1.06816143065889,-1.49536964134393,0.980804272758377,-0.691017923303152,1.28654045016157,1.20400912646995,1.16420940713518,1.228858703886,-0.666111047876099,1.16420940713518
"H. Afful Columbus Crew SC",-0.056656531228866,1.58612834204942,-0.189967154916,1.00682505791159,0.610446751487459,0.485052176795325,-0.253859275696076,0.92123436771897,0.198430808213246,0.545532294153222,0.611368050633148,1.37684260157112,0.485065217705273,0.232045881573796,0.782758027008639,-0.977673149964624,0.824953195439245,-0.0474721302396643,-0.921586813285621,-0.00942901724511846,0.545296917237431,0.907411318856425,0.670479470635587,0.7767867945923,1.0297489475925,0.392259496400238,0.412632405348496,1.14503185738052,0.0433491272988913,0.239123397725305,1.22155611907421,0.521560405786487,0.866718797250729,-0.0183351995141041,0.389964666312056,-0.082874567060583,1.18448567871514,0.413164562822139,0.726266450622594,0.581532638300416,0.612399117657883,0.775815507753385,0.714694586351066,0.726266450622594,0.755528816807511,0.581532638300416,0.714694586351066,0.612399117657883,0.775815507753385,0.671710354767445,0.770726613951082,0.702204973649144,0.717350359251185,0.726266450622594,0.755528816807511,0.581532638300416,0.714694586351066,0.612399117657883,0.775815507753385,0.671710354767445,0.770726613951082,0.702204973649144,0.717350359251185,0.770726613951082
"Iván Alejo SD Eibar",0.479096974129757,-0.855062672994069,1.10286487159567,-0.00885337129575442,-0.148096549177432,-1.36416338375569,-0.128717379226179,-1.27453930444273,0.908722905794752,0.216961218324799,0.515125703831828,0.150386837711373,1.10492543505684,1.59829733383072,0.390257583666198,-0.676630097922731,0.493075473136101,1.19867128855153,1.14460426276399,-0.339444620824266,-0.769774270093122,-2.15619602776495,0.121191997943234,0.689367058866478,0.668855624838122,-1.1256980142395,-0.171543808965105,0.553744914634843,0.0433491272988913,0.583068010891839,0.227266254711481,-1.72073866161053,1.3172409443365,-0.930270122715619,-2.3995636036574,0.028687350136355,0.804726911493493,1.1582800434842,0.984330671656003,-1.63382979332021,-0.980666154627826,1.03117797895748,0.448584899943754,0.984330671656003,-1.22013561794776,-1.63382979332021,0.448584899943754,-0.980666154627826,1.03117797895748,0.937859740618697,0.90188754501245,0.965531838767573,-0.819828982001352,0.984330671656003,-1.22013561794776,-1.63382979332021,0.448584899943754,-0.980666154627826,1.03117797895748,0.937859740618697,0.90188754501245,0.965531838767573,-0.819828982001352,0.90188754501245
"K. Kombarov Arsenal Tula",0.792492684394463,1.31488489593348,-0.189967154916,1.28800157221193,-0.400944316065729,0.562102825151618,0.622133999593201,-0.118868950673415,1.26386895458551,0.545532294153222,0.707610397434468,1.53014957205359,1.10492543505684,1.29468589999585,1.7247590910305,-1.27871620200652,0.824953195439245,0.887135433853729,-0.577221633944019,1.31063339707147,0.24181895093038,0.703170829081667,-0.611191298979904,0.7767867945923,1.10192761214338,1.2018368354081,1.1915340244333,0.947936209798629,-0.0905231775947441,0.583068010891839,0.653390482295508,0.60780267760945,-0.259586570463708,0.38696921079768,0.389964666312056,-0.082874567060583,1.18448567871514,2.23455795999607,1.11336278217271,0.719992790276705,0.902047348982557,1.03117797895748,1.11385911596203,1.11336278217271,0.755528816807511,0.719992790276705,1.11385911596203,0.902047348982557,1.03117797895748,0.937859740618697,1.03304847607382,1.09719527132679,0.871068293376438,1.11336278217271,0.755528816807511,0.719992790276705,1.11385911596203,0.902047348982557,1.03117797895748,0.937859740618697,1.03304847607382,1.09719527132679,0.871068293376438,1.03304847607382
"R. Fredericks Fulham",0.834282803625923,-0.312575780762182,0.548794003090669,0.71991024740104,2.38038111970554,-0.208403658411304,1.12270158547279,0.458966226211243,0.435194840740415,-0.987799393046082,0.515125703831828,0.763614719641246,1.00161539883158,0.383851598491232,-0.159243037013219,1.43067126637052,-1.16631313837962,-0.67054383963526,1.48896944210559,-0.669460224403413,-0.263977659581371,-0.318031619792123,-0.428095474749119,0.339688115963192,0.0192476438802337,-0.0125291731036934,1.5809848339757,0.455197090843896,0.444966041979797,0.468419806502995,-0.127837268275208,0.60780267760945,1.99302416496517,-0.524965712403835,0.589216685595588,0.474935018924107,0.424968144271845,0.744326998671945,0.726266450622594,0.304612334347837,0.322750886333208,0.775815507753385,0.448584899943754,0.726266450622594,0.603554629518644,0.304612334347837,0.448584899943754,0.322750886333208,0.775815507753385,0.804785047693071,0.639565682889715,0.965531838767573,0.563632425125931,0.726266450622594,0.603554629518644,0.304612334347837,0.448584899943754,0.322750886333208,0.775815507753385,0.804785047693071,0.639565682889715,0.965531838767573,0.563632425125931,0.639565682889715
"Y. Regäsel Eintracht Frankfurt",0.41184336402257,-1.12630611911001,0.733484292592336,-0.290029885596092,-0.653792082954026,0.716204121864202,0.121566413713614,0.343399190834312,0.671958873267584,-0.330657241389238,0.418883357030508,-0.0795736180123287,0.381755181480012,-0.982399853765696,-1.02274401236659,-0.676630097922731,0.493075473136101,1.19867128855153,1.14460426276399,-1.65950703514085,-0.668614947990771,0.294689849532151,-0.611191298979904,-0.00999082694009385,-1.13561098893379,0.49345666377622,-0.950445428049905,-0.333185499483676,-0.0905231775947441,0.583068010891839,-0.340899382067221,0.60780267760945,-0.0343254969208208,-0.423639609825889,0.78846870487912,-0.194436484257521,-0.429489081976865,-1.32543822538934,-0.0479262124776334,0.443072486324126,0.467575001995546,-0.245634377062984,0.0494203703327867,-0.0479262124776334,0.451580442229777,0.443072486324126,0.0494203703327867,0.467575001995546,-0.245634377062984,0.00633689013931597,-0.540882696662592,-0.0877756217061427,0.409914491000677,-0.0479262124776334,0.451580442229777,0.443072486324126,0.0494203703327867,0.467575001995546,-0.245634377062984,0.00633689013931597,-0.540882696662592,-0.0877756217061427,0.409914491000677,-0.540882696662592
"D. Terentyev Zenit St. Petersburg",1.01485047948838,-0.312575780762182,0.364103713589002,-0.117880999289763,-0.148096549177432,-0.516606251836473,-1.50527824039504,0.343399190834312,-0.156715240577507,-0.00208616556081537,0.418883357030508,-0.0795736180123287,-0.238105035871554,-0.754691278389541,0.31175749499771,-0.0745439938389447,-0.834435416076478,-1.29361554903086,-1.26595199262722,1.31063339707147,0.34297827303273,0.192569604644772,-3.08298492609549,0.252268380237371,-0.991253659832038,0.594653831152203,1.6783475363613,-0.628828970856516,0.444966041979797,0.12447519333646,0.724411186892846,0.521560405786487,-0.0343254969208208,-0.0183351995141041,0.688842695237354,-0.640684153045273,0.519907836077257,0.413164562822139,-0.176958322994338,0.166152182371548,0.322750886333208,-0.245634377062984,0.0494203703327867,-0.176958322994338,0.451580442229777,0.166152182371548,0.0494203703327867,0.322750886333208,-0.245634377062984,0.00633689013931597,-0.278560834539857,-0.219439054265357,0.409914491000677,-0.176958322994338,0.451580442229777,0.166152182371548,0.0494203703327867,0.322750886333208,-0.245634377062984,0.00633689013931597,-0.278560834539857,-0.219439054265357,0.409914491000677,-0.278560834539857
"C. McLaughlin Millwall",0.792492684394463,-0.0413323346462388,-0.189967154916,0.00836151733487852,-0.0216726657332834,0.176849583370157,-0.0035754827562823,-0.927838198311937,0.316812824476831,0.655055986096029,0.803852744235788,0.686961234400012,-0.0314849634210318,-0.451079844554668,-0.00224285967624279,-0.676630097922731,0.824953195439245,-0.67054383963526,-0.921586813285621,-1.65950703514085,0.34297827303273,0.39681009441953,0.853575294866372,0.164848644511549,-0.269467014323272,0.594653831152203,0.0231815958060955,-0.0375420281108366,-1.29537392163746,0.468419806502995,0.440328368503495,0.2628335903176,-0.822739254320927,0.690947518531519,0.489590675953822,0.363373101727169,-2.04346384266887,-0.58032274472728,-0.435022544027747,0.443072486324126,0.322750886333208,-0.37331561266503,-0.216689316074525,-0.435022544027747,0.451580442229777,0.443072486324126,-0.216689316074525,0.322750886333208,-0.37331561266503,-0.12673780278631,-0.147399903478489,-0.219439054265357,0.409914491000677,-0.435022544027747,0.451580442229777,0.443072486324126,-0.216689316074525,0.322750886333208,-0.37331561266503,-0.12673780278631,-0.147399903478489,-0.219439054265357,0.409914491000677,-0.147399903478489
"F. Morais Bolton Wanderers",0.911640203690656,1.58612834204942,-0.559347733919334,0.243631661953529,0.104751217710865,0.485052176795325,0.121566413713614,1.61463657998056,0.316812824476831,-0.22113354944643,0.996337437838428,1.53014957205359,0.898305362606316,0.839268749243542,2.58826006638387,-1.57975925404841,-0.502557693773333,-0.0474721302396643,-0.232856454602416,1.31063339707147,-1.47788952480957,-1.03287333400378,1.31131485544333,0.951626266043943,0.0192476438802337,-2.54245835750326,0.996808619662096,0.553744914634843,0.177221432192527,0.12447519333646,0.369307663906157,-2.58316137984016,0.190935576622067,-0.626291814981781,-3.39582370007506,-0.417560318651397,0.899666603298906,0.164792735934784,0.597234340105889,-2.04921024924908,-1.12549027029016,0.648134272151338,0.315530056740098,0.597234340105889,-1.67605817981436,-2.04921024924908,0.315530056740098,-1.12549027029016,0.648134272151338,0.671710354767445,0.37724382076698,0.702204973649144,-1.12726485025186,0.597234340105889,-1.67605817981436,-2.04921024924908,0.315530056740098,-1.12549027029016,0.648134272151338,0.671710354767445,0.37724382076698,0.702204973649144,-1.12726485025186,0.37724382076698
"M. Vermijl Preston North End",0.165701263865052,-0.0413323346462388,-0.189967154916,0.105912552908465,1.4954139355965,1.25555866035825,0.121566413713614,-0.812271162935005,0.0800487919496619,-1.2068467769317,0.226398663427867,-0.922761955665903,0.381755181480012,0.307948740032514,-0.708743657692636,0.527542110244841,0.161197750832956,-0.0474721302396643,0.455873904080788,-1.32949143156171,0.34297827303273,0.0904493597573929,-0.428095474749119,-1.32128686282742,-0.558181672526778,0.189865161648272,0.120544298191696,0.750840562216736,0.846582956660704,-0.678062237385453,1.22155611907421,-0.0821354969742496,0.979349334022173,0.38696921079768,-0.00853937225500885,0.474935018924107,0.0452093770501961,-1.15985700746444,0.0811058980390711,0.304612334347837,-0.111721460653803,0.520453036549292,-0.216689316074525,0.0811058980390711,0.29960625494091,0.304612334347837,-0.216689316074525,-0.111721460653803,0.520453036549292,0.272486275990568,0.639565682889715,0.438878108530715,0.256196556875424,0.0811058980390711,0.29960625494091,0.304612334347837,-0.216689316074525,-0.111721460653803,0.520453036549292,0.272486275990568,0.639565682889715,0.438878108530715,0.256196556875424,0.639565682889715
"C. Kronberg Viking FK",-0.370052241493571,1.31488489593348,-0.744038023421001,0.714171951190829,0.357598984599162,-0.285454306767597,-0.128717379226179,-0.118868950673415,0.316812824476831,0.436008602210414,-0.158570723777413,1.30018911632988,0.381755181480012,1.37058875845457,1.09675838168259,-1.27871620200652,0.493075473136101,-1.29361554903086,0.80023908342239,-0.669460224403413,-0.0616590153766704,0.294689849532151,0.853575294866372,0.427107851689014,0.741034289388999,0.0886679942722893,0.704720512505296,-0.0375420281108366,-0.759884702062921,0.12447519333646,0.937473300684859,0.0903490466716752,0.190935576622067,1.2989041339992,0.0910866373867573,0.140249267333293,0.23508876066102,1.40665187037156,0.33917011907248,0.166152182371548,0.322750886333208,0.520453036549292,0.448584899943754,0.33917011907248,0.29960625494091,0.166152182371548,0.448584899943754,0.322750886333208,0.520453036549292,0.405560968916193,0.770726613951082,0.438878108530715,0.256196556875424,0.33917011907248,0.29960625494091,0.166152182371548,0.448584899943754,0.322750886333208,0.520453036549292,0.405560968916193,0.770726613951082,0.438878108530715,0.256196556875424,0.770726613951082
"L. Dickmann Novara",-0.905805746852194,-1.39754956522596,1.472245450599,-0.622851065788329,-0.148096549177432,0.0227482866575722,-0.754426861575662,-0.46557005680421,-0.156715240577507,0.545532294153222,-0.0623283769760928,-1.15272241138961,-0.238105035871554,-1.13420557068313,-0.630243569024148,-1.27871620200652,-1.83006858298591,-1.60515140372865,0.80023908342239,-0.669460224403413,-0.466296303786071,0.498930339306909,-0.428095474749119,-0.621928977020845,-0.0529310206706428,0.189865161648272,-0.560994618507505,-0.23463767569273,-0.224395482488379,-0.448765828607763,-0.909065018845924,1.03901403672426,-0.259586570463708,-0.322313507247943,0.888094714520887,-0.975369904636087,-1.28394630822557,0.247583344897236,-0.693086765061156,0.304612334347837,0.0331026550085341,-0.628678083869122,-0.482799002481836,-0.693086765061156,0.29960625494091,0.304612334347837,-0.482799002481836,0.0331026550085341,-0.628678083869122,-0.525961881563187,-0.803204558785327,-0.482765919383786,0.256196556875424,-0.693086765061156,0.29960625494091,0.304612334347837,-0.482799002481836,0.0331026550085341,-0.628678083869122,-0.525961881563187,-0.803204558785327,-0.482765919383786,0.256196556875424,-0.803204558785327
"D. Sundgren AIK Solna",-0.056656531228866,0.229911111469705,-0.189967154916,-0.312983070436936,-0.527368199509877,1.87196384720859,-0.629284965105765,-0.46557005680421,-0.393479273104675,0.655055986096029,-0.158570723777413,0.150386837711373,-0.548035144547336,-0.906496995306978,-1.33674436704054,0.828585162286734,-1.49819086068277,-0.982079694333058,-0.232856454602416,-0.339444620824266,-0.0616590153766704,0.39681009441953,-1.16047877167226,0.164848644511549,-0.774717666179408,0.49345666377622,1.2888967268189,-0.530281147065569,-1.02762931185019,0.12447519333646,-1.40620995102729,0.349075862140562,0.528827186936398,1.50155633915509,0.0910866373867573,-0.082874567060583,-0.809247849198513,-0.414741526802377,-0.564054654544451,0.304612334347837,0.322750886333208,-0.756359319471168,-0.216689316074525,-0.564054654544451,0.29960625494091,0.304612334347837,-0.216689316074525,0.322750886333208,-0.756359319471168,-0.392887188637562,-0.803204558785327,-0.614429351943,0.256196556875424,-0.564054654544451,0.29960625494091,0.304612334347837,-0.216689316074525,0.322750886333208,-0.756359319471168,-0.392887188637562,-0.803204558785327,-0.614429351943,0.256196556875424,-0.803204558785327
"M. Sauer Eintracht Braunschweig",0.41184336402257,-0.583819226878126,0.548794003090669,-0.422010698430945,0.104751217710865,-0.05430236169872,0.246708310183511,0.112265120080448,0.198430808213246,-1.86398892858854,0.707610397434468,-0.309534073736031,0.485065217705273,-0.299274127637232,-1.10124410103508,0.828585162286734,0.824953195439245,1.51020714324932,-1.26595199262722,0.650602189913176,-0.972092914297822,0.192569604644772,-0.519643386864511,-0.272250034117558,-0.486003007975902,0.392259496400238,-0.658357320893105,0.159553619471056,-1.02762931185019,0.00982698894761564,-1.83233417861131,0.694044949432412,0.190935576622067,-0.0183351995141041,0.190712647028523,-1.64474140781771,-0.334549390171453,-0.994275789539538,-0.0479262124776334,-0.110768121581031,0.0331026550085341,-0.245634377062984,-0.083634472870869,-0.0479262124776334,0.29960625494091,-0.110768121581031,-0.083634472870869,0.0331026550085341,-0.245634377062984,0.139411583064942,-0.672043627723959,0.0438878108530718,0.409914491000677,-0.0479262124776334,0.29960625494091,-0.110768121581031,-0.083634472870869,0.0331026550085341,-0.245634377062984,0.139411583064942,-0.672043627723959,0.0438878108530718,0.409914491000677,-0.672043627723959
"D. Furlong Queens Park Rangers",0.479096974129757,-1.12630611911001,0.364103713589002,-0.404795809800312,-0.400944316065729,-0.593656900192766,-0.253859275696076,-0.350003021427278,0.671958873267584,-0.440180933332045,0.226398663427867,-0.769454985183435,0.0718250728042291,-0.602885561472105,-0.630243569024148,0.828585162286734,0.824953195439245,0.264063724458134,-0.577221633944019,-0.99947582798256,1.05109352774918,0.192569604644772,-0.153451738402943,-0.796768448472488,-1.13561098893379,0.189865161648272,0.0231815958060955,0.159553619471056,-0.49214009227565,-0.678062237385453,-1.47723065562463,0.60780267760945,-0.146956033692265,-0.220987404669996,0.389964666312056,0.251811184530231,0.424968144271845,-0.994275789539538,-0.176958322994338,0.304612334347837,-0.111721460653803,-0.245634377062984,-0.216689316074525,-0.176958322994338,0.29960625494091,0.304612334347837,-0.216689316074525,-0.111721460653803,-0.245634377062984,-0.12673780278631,-0.409721765601224,-0.0877756217061427,0.10247862275017,-0.176958322994338,0.29960625494091,0.304612334347837,-0.216689316074525,-0.111721460653803,-0.245634377062984,-0.12673780278631,-0.409721765601224,-0.0877756217061427,0.10247862275017,-0.409721765601224
"P. Gregor FC Nordsjælland",0.0624909880673283,-0.583819226878126,0.548794003090669,-0.726140397572127,-1.66518315050721,-0.978910141974227,0.246708310183511,-0.812271162935005,-0.275097256841091,0.326484910267607,-2.56462939381041,-0.846108470424669,-1.27120539812416,-1.13420557068313,-1.80774489905147,-0.676630097922731,1.48870864004553,0.887135433853729,0.111508724739186,-0.669460224403413,0.949934205646832,0.39681009441953,1.6775065039049,-0.00999082694009385,1.10192761214338,1.10063966803212,-2.02143515429151,-2.40268979909355,0.578838346873433,-0.104821215441229,-0.553961495859235,0.2628335903176,-0.935369791092371,0.184317005641788,0.489590675953822,0.251811184530231,-1.09406692461475,-0.745903962652183,-0.82211887557786,0.581532638300416,0.177926770670871,-1.01172179067526,-0.482799002481836,-0.82211887557786,-0.156316306925691,0.581532638300416,-0.482799002481836,0.177926770670871,-1.01172179067526,-1.32441003911694,-0.934365489846694,-1.27274651473907,-0.358675179625591,-0.82211887557786,-0.156316306925691,0.581532638300416,-0.482799002481836,0.177926770670871,-1.01172179067526,-1.32441003911694,-0.934365489846694,-1.27274651473907,-0.358675179625591,-0.934365489846694
"S. Takahashi Vissel Kobe",-0.370052241493571,0.501154557585648,-0.744038023421001,-0.513823437794321,-0.906639849842322,0.947356066933079,0.496992103123304,0.805667332342038,-0.0383332243139224,-1.86398892858854,0.515125703831828,-0.156227103253563,-1.99437565170099,-1.36191414605929,-0.787243746361124,-0.676630097922731,-0.170679971470189,-0.982079694333058,-1.95468235131043,1.31063339707147,-0.769774270093122,0.39681009441953,-0.519643386864511,-0.447089505569202,-0.991253659832038,0.797048165904169,-0.366269213736305,-0.924472442229356,0.0433491272988913,-0.678062237385453,-0.127837268275208,0.176591318494638,-1.04800032786381,1.19757803142125,0.389964666312056,-0.752246070242211,-0.904187541003926,-0.414741526802377,-1.08018309661127,0.166152182371548,0.177926770670871,-1.13940302627731,-0.615853845685492,-1.08018309661127,0.29960625494091,0.166152182371548,-0.615853845685492,0.177926770670871,-1.13940302627731,-0.792111267414439,-1.19668735196943,-1.00941964962064,0.10247862275017,-1.08018309661127,0.29960625494091,0.166152182371548,-0.615853845685492,0.177926770670871,-1.13940302627731,-0.792111267414439,-1.19668735196943,-1.00941964962064,0.10247862275017,-1.19668735196943
"O. Kakabadze Gimnàstic de Tarragona",-0.197578136184242,-0.855062672994069,0.733484292592336,0.237893365743318,1.36899005215235,0.562102825151618,0.371850206653408,-1.85237448132739,0.790340889531168,-0.111609857503623,0.226398663427867,0.686961234400012,0.691685290155795,-0.223371269178514,0.625757849671662,-0.977673149964624,-0.170679971470189,1.19867128855153,-0.232856454602416,0.650602189913176,0.14065962882803,0.294689849532151,-0.977382947441472,-0.184830298391737,-0.486003007975902,0.392259496400238,0.0231815958060955,0.258101443262003,-0.49214009227565,-0.563414032996608,0.369307663906157,0.2628335903176,0.866718797250729,-0.11966130209205,0.29033865667029,0.586496936121045,0.709787219688081,-0.663113353689731,0.33917011907248,0.304612334347837,0.177926770670871,0.392771800947246,0.182475213536442,0.33917011907248,0.29960625494091,0.304612334347837,0.182475213536442,0.177926770670871,0.392771800947246,0.405560968916193,0.246082889705613,0.438878108530715,0.409914491000677,0.33917011907248,0.29960625494091,0.304612334347837,0.182475213536442,0.177926770670871,0.392771800947246,0.405560968916193,0.246082889705613,0.438878108530715,0.409914491000677,0.246082889705613
"Rober Correa Cádiz C.F.",-0.197578136184242,-0.312575780762182,0.179413424087334,-0.146572480340818,-0.780215966398174,0.870305418576786,-0.379001172165972,0.458966226211243,-0.985389354422597,-0.111609857503623,0.707610397434468,-0.692801499942201,-1.68444554302521,-0.451079844554668,-0.00224285967624279,0.828585162286734,-0.170679971470189,0.575599579155931,0.455873904080788,-0.669460224403413,0.0395003067256798,0.907411318856425,0.212739910058626,-0.35966976984338,-0.702539001628531,1.2018368354081,-0.755720023278705,-1.12156808981125,-0.626012397169286,-0.334117624218919,0.58236977769817,0.521560405786487,0.190935576622067,-1.3355745330274,0.78846870487912,0.474935018924107,0.0452093770501961,-0.0835790909525704,-0.82211887557786,0.719992790276705,0.177926770670871,-0.884040555073214,-0.615853845685492,-0.82211887557786,0.29960625494091,0.719992790276705,-0.615853845685492,0.177926770670871,-0.884040555073214,-0.792111267414439,-0.540882696662592,-0.746092784502215,0.10247862275017,-0.82211887557786,0.29960625494091,0.719992790276705,-0.615853845685492,0.177926770670871,-0.884040555073214,-0.792111267414439,-0.540882696662592,-0.746092784502215,0.10247862275017,-0.540882696662592
"T. Chow Ross County FC",-0.905805746852194,-0.583819226878126,0.733484292592336,0.398565659629225,-1.28591150017477,0.176849583370157,-0.629284965105765,-0.234435986050347,0.0800487919496619,-0.00208616556081537,-1.31347888539325,0.150386837711373,-0.238105035871554,0.91517160770226,0.468757672334686,0.226499058202948,-0.834435416076478,-0.67054383963526,0.80023908342239,0.980617793492323,0.949934205646832,0.39681009441953,0.212739910058626,0.7767867945923,0.452319631185493,-0.518515009983607,1.6783475363613,0.553744914634843,0.712710651767068,0.468419806502995,0.0852248455168056,-0.427104584266099,-0.935369791092371,0.082990903063842,0.29033865667029,0.698058853317983,1.18448567871514,0.827117607634397,0.468202229589185,0.304612334347837,0.467575001995546,0.392771800947246,0.714694586351066,0.468202229589185,-0.156316306925691,0.304612334347837,0.714694586351066,0.467575001995546,0.392771800947246,0.00633689013931597,0.508404751828348,0.0438878108530718,-0.358675179625591,0.468202229589185,-0.156316306925691,0.304612334347837,0.714694586351066,0.467575001995546,0.392771800947246,0.00633689013931597,0.508404751828348,0.0438878108530718,-0.358675179625591,0.508404751828348
"M. Smith Heart of Midlothian",-0.592410036587489,0.772398003701591,-0.928728312922668,0.0140998135450895,0.736870634931607,-0.439555603480181,0.496992103123304,1.15236843847283,-0.275097256841091,0.655055986096029,-0.254813070578733,0.227040322952607,-0.341415072096814,-0.451079844554668,-0.0807429483447309,0.527542110244841,-0.502557693773333,1.82174299794712,-1.26595199262722,0.980617793492323,0.0395003067256798,-0.0116708851299861,0.853575294866372,-0.00999082694009385,-0.702539001628531,0.291062329024255,-0.950445428049905,-0.23463767569273,-0.224395482488379,-0.334117624218919,-0.980085723443261,0.349075862140562,0.866718797250729,0.285643108219734,0.190712647028523,1.14430652210573,0.330028452466433,-0.58032274472728,-0.176958322994338,0.304612334347837,0.0331026550085341,-0.245634377062984,-0.216689316074525,-0.176958322994338,0.147632067652043,0.304612334347837,-0.216689316074525,0.0331026550085341,-0.245634377062984,-0.12673780278631,-0.409721765601224,-0.219439054265357,0.10247862275017,-0.176958322994338,0.147632067652043,0.304612334347837,-0.216689316074525,0.0331026550085341,-0.245634377062984,-0.12673780278631,-0.409721765601224,-0.219439054265357,0.10247862275017,-0.409721765601224
"J. Grimmer Coventry City",-0.370052241493571,-0.583819226878126,0.179413424087334,-0.117880999289763,0.610446751487459,-1.59531532882456,0.872417792532994,-0.350003021427278,-0.630243305631844,0.216961218324799,-0.639782457784013,-0.539494529459733,-0.444725108322075,0.232045881573796,0.154757317660733,1.12962821432863,-0.170679971470189,-0.0474721302396643,0.111508724739186,-1.32949143156171,0.444137595135081,0.39681009441953,0.212739910058626,-0.0974105626659154,-0.341645678874149,0.291062329024255,-0.366269213736305,-0.0375420281108366,0.0433491272988913,-0.334117624218919,0.0142041409194678,0.00410677484871279,0.416196650164954,0.488295313375627,0.0910866373867573,-0.529122235848335,-0.23960969836604,0.578745780747042,-0.176958322994338,-0.110768121581031,-0.111721460653803,-0.117953141460938,-0.216689316074525,-0.176958322994338,0.147632067652043,-0.110768121581031,-0.216689316074525,-0.111721460653803,-0.117953141460938,-0.259812495711936,-0.0162389724171221,-0.219439054265357,-0.0512393113750838,-0.176958322994338,0.147632067652043,-0.110768121581031,-0.216689316074525,-0.111721460653803,-0.117953141460938,-0.259812495711936,-0.0162389724171221,-0.219439054265357,-0.0512393113750838,-0.0162389724171221
"I. Kireev FC Rostov",0.25673917903584,-0.0413323346462388,-0.374657444417667,0.151818922590153,-0.653792082954026,0.0227482866575722,0.121566413713614,-0.00330191529648334,0.435194840740415,0.107437526381992,0.226398663427867,-0.00292013277109462,0.381755181480012,0.839268749243542,-0.316243214350195,1.12962821432863,1.48870864004553,0.264063724458134,-0.232856454602416,-0.669460224403413,0.0395003067256798,0.601050584194288,-1.25202668378765,0.0774289087857277,-0.0529310206706428,-0.417317842607624,1.0941713220477,0.750840562216736,0.444966041979797,0.468419806502995,-0.269878677469883,0.0903490466716752,-0.710108717549483,-0.828944020137673,-0.207791391538541,-0.529122235848335,0.899666603298906,0.578745780747042,0.597234340105889,-0.110768121581031,0.177926770670871,0.520453036549292,0.448584899943754,0.597234340105889,-0.00434211963682422,-0.110768121581031,0.448584899943754,0.177926770670871,0.520453036549292,0.405560968916193,0.37724382076698,0.438878108530715,0.10247862275017,0.597234340105889,-0.00434211963682422,-0.110768121581031,0.448584899943754,0.177926770670871,0.520453036549292,0.405560968916193,0.37724382076698,0.438878108530715,0.10247862275017,0.37724382076698
"Kim Chang Soo Ulsan Hyundai Horang-i",-0.905805746852194,1.58612834204942,-0.928728312922668,0.421518844470069,-0.653792082954026,0.408001528439033,-0.629284965105765,-1.04340523368887,-0.275097256841091,0.874103369981644,-0.543540110982693,-0.00292013277109462,0.0718250728042291,1.14288018307841,1.25375855901957,-1.27871620200652,0.493075473136101,-0.359007984937462,-1.61031717196882,-0.669460224403413,0.545296917237431,0.294689849532151,-0.519643386864511,0.514527587414835,1.31846360579601,0.49345666377622,0.704720512505296,1.04648403358958,0.444966041979797,-0.219469419830074,-0.05681656367787,0.2628335903176,-0.710108717549483,0.792273621109465,0.190712647028523,-0.417560318651397,0.804726911493493,1.07548943452175,0.468202229589185,0.304612334347837,0.322750886333208,0.520453036549292,0.58163974314741,0.468202229589185,0.147632067652043,0.304612334347837,0.58163974314741,0.322750886333208,0.520453036549292,0.272486275990568,0.639565682889715,0.307214675971501,0.10247862275017,0.468202229589185,0.147632067652043,0.304612334347837,0.58163974314741,0.322750886333208,0.520453036549292,0.272486275990568,0.639565682889715,0.307214675971501,0.10247862275017,0.639565682889715
"F. Darwish Al Hilal",0.25673917903584,-0.0413323346462388,-1.11341860242434,0.668265581509141,1.2425661687082,-0.593656900192766,1.99869486076206,0.574533261588175,0.198430808213246,-0.111609857503623,-0.0623283769760928,-0.0795736180123287,0.381755181480012,0.91517160770226,0.939758204345615,-0.676630097922731,1.15683091774239,0.887135433853729,1.48896944210559,1.31063339707147,0.14065962882803,0.0904493597573929,1.12821903121255,0.164848644511549,1.24628494124513,-0.0125291731036934,-0.171543808965105,0.258101443262003,-0.358267787382015,-0.219469419830074,0.298286959308819,-0.599589127912024,1.3172409443365,0.589621415953573,-0.307417401180307,0.921182687711859,0.23508876066102,0.0820021269723327,0.468202229589185,0.0276920303952583,-0.111721460653803,0.520453036549292,0.182475213536442,0.468202229589185,-0.00434211963682422,0.0276920303952583,0.182475213536442,-0.111721460653803,0.520453036549292,0.405560968916193,0.639565682889715,0.57054154108993,0.10247862275017,0.468202229589185,-0.00434211963682422,0.0276920303952583,0.182475213536442,-0.111721460653803,0.520453036549292,0.405560968916193,0.639565682889715,0.57054154108993,0.10247862275017,0.639565682889715
"G. Baldock Sheffield United",0.25673917903584,-0.312575780762182,0.179413424087334,-0.0719746296080752,0.357598984599162,0.253900231726449,1.12270158547279,0.22783215545738,0.671958873267584,0.216961218324799,-0.543540110982693,-0.922761955665903,0.898305362606316,-0.299274127637232,-0.55174348035566,0.527542110244841,0.824953195439245,-1.29361554903086,-0.232856454602416,1.31063339707147,-1.27557088060487,-0.62439235445426,1.31131485544333,0.0774289087857277,-0.125109685221519,-0.214923507855659,-0.366269213736305,-0.0375420281108366,-0.759884702062921,0.468419806502995,-0.69600290505391,0.2628335903176,-0.372217107235152,1.0962519288433,0.0910866373867573,0.474935018924107,-0.23960969836604,-0.745903962652183,0.210138008555776,-0.110768121581031,0.177926770670871,0.00972809414110824,0.182475213536442,0.210138008555776,-0.00434211963682422,-0.110768121581031,0.182475213536442,0.177926770670871,0.00972809414110824,0.272486275990568,-0.278560834539857,0.175551243412286,0.10247862275017,0.210138008555776,-0.00434211963682422,-0.110768121581031,0.182475213536442,0.177926770670871,0.00972809414110824,0.272486275990568,-0.278560834539857,0.175551243412286,0.10247862275017,-0.278560834539857
"H. Hauksson AIK Solna",-0.592410036587489,-0.0413323346462388,-0.559347733919334,-0.146572480340818,-0.780215966398174,0.716204121864202,-0.629284965105765,-1.62124041057353,-0.393479273104675,-0.22113354944643,0.130156316626547,0.763614719641246,-0.134794999646293,-0.678788419930823,-0.159243037013219,0.226499058202948,0.493075473136101,-0.982079694333058,0.80023908342239,-1.32949143156171,0.545296917237431,0.39681009441953,-0.428095474749119,0.339688115963192,-0.269467014323272,0.0886679942722893,-1.14517083282111,-0.924472442229356,-0.358267787382015,-0.563414032996608,0.298286959308819,-0.168377768797212,0.30356611339351,0.792273621109465,-0.108165381896775,1.47899227369655,-0.619368465587689,0.164792735934784,-0.564054654544451,0.304612334347837,0.177926770670871,-0.500996848267076,-0.349744159278181,-0.564054654544451,-0.00434211963682422,0.304612334347837,-0.349744159278181,0.177926770670871,-0.500996848267076,-0.392887188637562,-0.278560834539857,-0.482765919383786,-0.0512393113750838,-0.564054654544451,-0.00434211963682422,0.304612334347837,-0.349744159278181,0.177926770670871,-0.500996848267076,-0.392887188637562,-0.278560834539857,-0.482765919383786,-0.0512393113750838,-0.278560834539857
"Shin Kwang Hoon FC Seoul",-0.905805746852194,1.31488489593348,-1.298108891926,0.105912552908465,-0.780215966398174,0.330950880082741,-0.629284965105765,0.112265120080448,-0.156715240577507,-0.330657241389238,0.0339139698252273,-0.0795736180123287,-0.444725108322075,0.232045881573796,0.390257583666198,1.12962821432863,0.161197750832956,-0.982079694333058,-0.232856454602416,0.980617793492323,-0.466296303786071,0.0904493597573929,0.578931558520195,0.427107851689014,-0.269467014323272,0.189865161648272,1.1915340244333,-0.530281147065569,0.177221432192527,0.239123397725305,-0.553961495859235,0.00410677484871279,-0.372217107235152,-0.727617917559727,-0.207791391538541,0.363373101727169,0.424968144271845,1.32386126140911,-0.0479262124776334,0.0276920303952583,0.177926770670871,-0.245634377062984,0.0494203703327867,-0.0479262124776334,-0.156316306925691,0.0276920303952583,0.0494203703327867,0.177926770670871,-0.245634377062984,-0.12673780278631,-0.278560834539857,-0.219439054265357,-0.204957245500338,-0.0479262124776334,-0.156316306925691,0.0276920303952583,0.0494203703327867,0.177926770670871,-0.245634377062984,-0.12673780278631,-0.278560834539857,-0.219439054265357,-0.204957245500338,-0.278560834539857
"S. Wiseman Chesterfield",-0.197578136184242,1.58612834204942,-1.298108891926,-0.789261655884448,-0.527368199509877,-0.593656900192766,-0.128717379226179,-0.118868950673415,-0.630243305631844,-0.22113354944643,-0.0623283769760928,-0.846108470424669,-0.548035144547336,-1.43781700451801,-0.0807429483447309,-3.08497451425787,-3.15757947219849,-2.85129482251984,-3.33214306867684,-3.30958505303659,0.545296917237431,-0.113791130017365,0.212739910058626,-0.00999082694009385,-0.558181672526778,0.291062329024255,-1.24253353520671,-1.0230202660203,-0.626012397169286,0.00982698894761564,-0.127837268275208,0.176591318494638,-0.0343254969208208,-0.423639609825889,0.0910866373867573,0.921182687711859,-0.334549390171453,-0.663113353689731,-0.693086765061156,0.166152182371548,-0.111721460653803,-0.756359319471168,-0.482799002481836,-0.693086765061156,-0.156316306925691,0.166152182371548,-0.482799002481836,-0.111721460653803,-0.756359319471168,-0.659036574488813,-0.803204558785327,-0.746092784502215,-0.204957245500338,-0.693086765061156,-0.156316306925691,0.166152182371548,-0.482799002481836,-0.111721460653803,-0.756359319471168,-0.659036574488813,-0.803204558785327,-0.746092784502215,-0.204957245500338,-0.803204558785327
"Y. Nakano Vegalta Sendai",-0.905805746852194,-0.312575780762182,-0.374657444417667,-0.439225587061578,1.4954139355965,-1.36416338375569,0.496992103123304,0.458966226211243,0.198430808213246,0.107437526381992,-0.543540110982693,1.22353563108865,0.17513510902949,0.535657315408669,0.154757317660733,0.828585162286734,0.161197750832956,-0.67054383963526,-0.921586813285621,0.320586586334029,-0.972092914297822,-1.54347455844067,-0.611191298979904,-0.534509241295023,0.163604972981987,-3.04844419438318,0.899445917276496,0.258101443262003,-0.49214009227565,-0.219469419830074,0.227266254711481,-2.92813046713201,0.754088260479285,-0.322313507247943,-2.49918961329916,-0.863807987439149,0.424968144271845,1.1582800434842,0.210138008555776,-2.32613055320166,-1.70478673293951,0.2650905653452,-0.349744159278181,0.210138008555776,-1.82803236710323,-2.32613055320166,-0.349744159278181,-1.70478673293951,0.2650905653452,0.139411583064942,0.246082889705613,0.307214675971501,-1.58841865262762,0.210138008555776,-1.82803236710323,-2.32613055320166,-0.349744159278181,-1.70478673293951,0.2650905653452,0.139411583064942,0.246082889705613,0.307214675971501,-1.58841865262762,0.246082889705613
"K. Bartolec FC Nordsjælland",-0.370052241493571,-0.855062672994069,0.179413424087334,-0.657280843049595,0.104751217710865,-0.670707548549058,0.997559689002891,0.805667332342038,0.198430808213246,-0.00208616556081537,-0.254813070578733,-0.769454985183435,-0.0314849634210318,0.00433730619764103,-1.10124410103508,-1.8808023060903,-0.170679971470189,0.887135433853729,0.111508724739186,0.980617793492323,-1.37673020270722,-0.113791130017365,-0.519643386864511,-0.0974105626659154,-0.486003007975902,-0.214923507855659,-1.04780813043551,-0.431733323274623,-1.02762931185019,-0.219469419830074,-0.553961495859235,-0.168377768797212,0.416196650164954,0.38696921079768,-0.108165381896775,-1.3100556562269,-0.619368465587689,-1.5738100522767,-0.305990433511042,-0.664608729486189,-0.401369691978477,-0.37331561266503,-0.349744159278181,-0.305990433511042,-0.156316306925691,-0.664608729486189,-0.349744159278181,-0.401369691978477,-0.37331561266503,-0.12673780278631,-0.540882696662592,-0.219439054265357,-0.204957245500338,-0.305990433511042,-0.156316306925691,-0.664608729486189,-0.349744159278181,-0.401369691978477,-0.37331561266503,-0.12673780278631,-0.540882696662592,-0.219439054265357,-0.204957245500338,-0.540882696662592
"S. Bösel SG Sonnenhof Großaspach",-1.44155925221082,-0.855062672994069,-0.559347733919334,-0.21543203486335,-1.03306373328647,1.25555866035825,0.622133999593201,0.112265120080448,-0.630243305631844,0.107437526381992,-1.50596357899589,-0.692801499942201,-0.754655216997858,0.383851598491232,-0.473243391687172,-0.0745439938389447,-1.16631313837962,-1.29361554903086,0.455873904080788,-1.32949143156171,-0.668614947990771,-0.62439235445426,1.12821903121255,0.164848644511549,0.813212953939875,-1.1256980142395,-0.950445428049905,0.750840562216736,0.712710651767068,-0.104821215441229,0.298286959308819,-0.944558215203873,-0.935369791092371,0.994925826265357,-0.705921439747372,-0.305998401454459,0.519907836077257,0.247583344897236,0.0811058980390711,-0.526148577509899,-0.25654557631614,0.00972809414110824,0.182475213536442,0.0811058980390711,-0.916187243370027,-0.526148577509899,0.182475213536442,-0.25654557631614,0.00972809414110824,-0.259812495711936,0.114921958644245,-0.219439054265357,-0.819828982001352,0.0811058980390711,-0.916187243370027,-0.526148577509899,0.182475213536442,-0.25654557631614,0.00972809414110824,-0.259812495711936,0.114921958644245,-0.219439054265357,-0.819828982001352,0.114921958644245
"T. Miller Carlisle United",-0.592410036587489,0.501154557585648,-1.66748947092934,-0.290029885596092,-1.28591150017477,0.253900231726449,-1.12985255098535,0.22783215545738,-0.630243305631844,-0.330657241389238,-0.543540110982693,-0.386187558977265,-1.37451543434942,0.0802401646563593,0.154757317660733,-0.375587045880838,1.15683091774239,1.82174299794712,-0.577221633944019,-0.00942901724511846,0.14065962882803,-0.215911374904744,1.40286276755872,0.164848644511549,0.380140966634616,0.0886679942722893,0.315269702962896,-0.530281147065569,-0.759884702062921,0.00982698894761564,0.0852248455168056,-0.254620040620174,-2.51219730589258,-0.11966130209205,-0.307417401180307,-0.863807987439149,0.140149068855608,0.247583344897236,-0.564054654544451,-0.24922827355732,-0.25654557631614,-0.628678083869122,-0.216689316074525,-0.564054654544451,-0.612238868792293,-0.24922827355732,-0.216689316074525,-0.25654557631614,-0.628678083869122,-0.792111267414439,-0.540882696662592,-0.877756217061429,-0.666111047876099,-0.564054654544451,-0.612238868792293,-0.24922827355732,-0.216689316074525,-0.25654557631614,-0.628678083869122,-0.792111267414439,-0.540882696662592,-0.877756217061429,-0.666111047876099,-0.540882696662592
"R. Willmott Newport County",-0.905805746852194,0.501154557585648,-1.66748947092934,-0.433487290851367,0.989718401819904,-0.516606251836473,1.12270158547279,0.343399190834312,-0.630243305631844,-0.768752009160467,-0.639782457784013,0.150386837711373,-0.0314849634210318,0.535657315408669,1.0182582930141,-0.977673149964624,-1.49819086068277,-0.982079694333058,0.80023908342239,0.650602189913176,-1.78136749111662,-0.318031619792123,-3.17453283821089,-1.14644739137577,0.813212953939875,-0.720909344735573,-0.366269213736305,-0.825924618438409,-0.893757006956556,-0.678062237385453,0.724411186892846,-1.20328503067276,0.866718797250729,0.184317005641788,-1.10442547831444,-0.640684153045273,0.330028452466433,0.413164562822139,-0.176958322994338,-1.21844933739135,-0.980666154627826,-0.117953141460938,-0.482799002481836,-0.176958322994338,-0.916187243370027,-1.21844933739135,-0.482799002481836,-0.980666154627826,-0.117953141460938,-0.259812495711936,-0.147399903478489,-0.0877756217061427,-0.666111047876099,-0.176958322994338,-0.916187243370027,-1.21844933739135,-0.482799002481836,-0.980666154627826,-0.117953141460938,-0.259812495711936,-0.147399903478489,-0.0877756217061427,-0.666111047876099,-0.147399903478489
"B. Utvik Sogndal",-1.44155925221082,-1.12630611911001,0.733484292592336,-1.4434274238485,-2.4237264511721,-0.670707548549058,-2.38127151568432,-1.85237448132739,-1.10377137068618,0.983627061924451,-1.60220592579721,-0.999415440907137,-2.09768568792625,-0.83059413684826,-0.630243569024148,-0.375587045880838,0.161197750832956,0.575599579155931,0.455873904080788,1.31063339707147,0.545296917237431,-0.318031619792123,0.212739910058626,-0.709348712746666,-0.630360337077655,0.0886679942722893,-0.560994618507505,-1.90995068013882,-0.626012397169286,-1.25130325932968,-0.909065018845924,-0.168377768797212,-2.96271945297836,-0.220987404669996,-0.00853937225500885,0.251811184530231,-1.4738256918364,-0.663113353689731,-1.72534364919479,-0.24922827355732,-0.691017923303152,-1.77780920428754,-1.28112806170377,-1.72534364919479,-1.06816143065889,-0.24922827355732,-1.28112806170377,-0.691017923303152,-1.77780920428754,-1.85670881081945,-1.45900921409216,-1.93106367753514,-1.28098278437711,-1.72534364919479,-1.06816143065889,-0.24922827355732,-1.28112806170377,-0.691017923303152,-1.77780920428754,-1.85670881081945,-1.45900921409216,-1.93106367753514,-1.28098278437711,-1.45900921409216
"R. Tumilty Ross County FC",-1.44155925221082,-1.39754956522596,0.364103713589002,-0.68597232410065,0.357598984599162,-2.51992310910007,-0.629284965105765,-0.234435986050347,-0.985389354422597,0.436008602210414,0.0339139698252273,-0.999415440907137,-0.96127528944838,-0.147468410719795,-0.55174348035566,-1.27871620200652,0.824953195439245,0.264063724458134,1.48896944210559,0.980617793492323,0.848774883544481,0.0904493597573929,-0.611191298979904,-2.19548422008563,0.668855624838122,0.189865161648272,0.996808619662096,-0.825924618438409,-1.56311853142473,-0.563414032996608,-0.198857972872546,-0.254620040620174,0.416196650164954,-1.74087894333919,-0.905173459030904,0.028687350136355,0.519907836077257,-0.0835790909525704,-0.564054654544451,-0.526148577509899,-1.12549027029016,-0.500996848267076,-1.01501837529646,-0.564054654544451,-0.612238868792293,-0.526148577509899,-1.01501837529646,-1.12549027029016,-0.500996848267076,-0.792111267414439,-0.409721765601224,-0.482765919383786,-0.666111047876099,-0.564054654544451,-0.612238868792293,-0.526148577509899,-1.01501837529646,-1.12549027029016,-0.500996848267076,-0.792111267414439,-0.409721765601224,-0.482765919383786,-0.666111047876099,-0.409721765601224
"B. Rotenberg Lokomotiv Moscow",0.0624909880673283,1.58612834204942,-1.852179760431,-1.09339135502563,-0.906639849842322,-0.593656900192766,-1.38013634392515,-2.08350855208125,-2.28759153332202,-0.549704625274853,-0.639782457784013,-1.76595029331948,-1.47782547057468,-0.147468410719795,0.782758027008639,-0.375587045880838,0.824953195439245,-0.67054383963526,0.111508724739186,-0.669460224403413,0.444137595135081,1.11165180863118,-0.977382947441472,-1.05902765564995,-0.774717666179408,-0.0125291731036934,-0.853082725664305,-2.59978544667545,-0.893757006956556,-1.02200685055199,0.227266254711481,0.2628335903176,-0.710108717549483,-2.55148776396276,0.29033865667029,1.14430652210573,-0.144670006560628,-0.497532135764828,-1.46727942816138,0.166152182371548,-0.691017923303152,-1.3947654974814,-1.41418290490743,-1.46727942816138,-0.612238868792293,0.166152182371548,-1.41418290490743,-0.691017923303152,-1.3947654974814,-1.59055942496819,-0.934365489846694,-1.5360733798575,-0.819828982001352,-1.46727942816138,-0.612238868792293,0.166152182371548,-1.41418290490743,-0.691017923303152,-1.3947654974814,-1.59055942496819,-0.934365489846694,-1.5360733798575,-0.819828982001352,-0.934365489846694
"G. Carrasco Club Atlético Lanús",-0.905805746852194,-1.39754956522596,-0.189967154916,-1.48933379353019,-0.0216726657332834,-0.439555603480181,-0.629284965105765,0.112265120080448,-1.34053540321335,-1.75446523664573,-0.736024804585333,-1.30602938187207,-0.548035144547336,-0.906496995306978,-0.630243569024148,0.226499058202948,-1.49819086068277,-0.982079694333058,-0.921586813285621,-1.32949143156171,-0.972092914297822,0.192569604644772,-0.88583503532608,-2.19548422008563,-1.20778965348467,-0.316120675231642,-0.268906511350705,-0.727376794647462,-0.358267787382015,-1.70989607688506,-1.97437558780599,0.00410677484871279,-1.04800032786381,-0.727617917559727,-0.00853937225500885,-0.640684153045273,-1.75864476725263,-1.32543822538934,-1.46727942816138,-0.526148577509899,-1.12549027029016,-1.3947654974814,-1.54723774811108,-1.46727942816138,-0.612238868792293,-0.526148577509899,-1.54723774811108,-1.12549027029016,-1.3947654974814,-1.32441003911694,-1.45900921409216,-1.14108308217986,-0.819828982001352,-1.46727942816138,-0.612238868792293,-0.526148577509899,-1.54723774811108,-1.12549027029016,-1.3947654974814,-1.32441003911694,-1.45900921409216,-1.14108308217986,-0.819828982001352,-1.45900921409216
"D. Kelly-Evans Coventry City",-0.905805746852194,-1.39754956522596,0.548794003090669,-0.565468103686219,1.2425661687082,1.717862550496,1.12270158547279,1.0368014030959,-0.630243305631844,-0.768752009160467,-1.12099419179061,-1.61264332283701,-0.651345180772597,-0.602885561472105,-0.394743303018683,-1.27871620200652,-0.834435416076478,-0.0474721302396643,-1.61031717196882,-0.99947582798256,-0.668614947990771,-0.62439235445426,1.6775065039049,-0.709348712746666,-0.558181672526778,-1.02450084686352,0.315269702962896,-0.924472442229356,-1.02762931185019,-1.13665505494083,-0.127837268275208,-0.0821354969742496,0.979349334022173,-0.930270122715619,-0.606295430105606,-0.305998401454459,-1.28394630822557,-0.58032274472728,-0.951150986094565,-0.38768842553361,-0.835842038965489,-0.756359319471168,-1.14807321850012,-0.951150986094565,-0.76421305608116,-0.38768842553361,-1.14807321850012,-0.835842038965489,-0.756359319471168,-0.792111267414439,-0.672043627723959,-0.746092784502215,-0.819828982001352,-0.951150986094565,-0.76421305608116,-0.38768842553361,-1.14807321850012,-0.835842038965489,-0.756359319471168,-0.792111267414439,-0.672043627723959,-0.746092784502215,-0.819828982001352,-0.672043627723959
"Park Se Jin Daegu FC",-1.44155925221082,-1.12630611911001,-0.559347733919334,-0.97862543082141,-0.0216726657332834,-0.593656900192766,-0.0035754827562823,-1.1589722690658,-0.393479273104675,-1.42589416081731,-0.736024804585333,-0.616148014700967,-0.134794999646293,0.535657315408669,-0.55174348035566,1.12962821432863,-1.83006858298591,-0.67054383963526,-0.921586813285621,-0.339444620824266,-2.08484545742367,-0.522272109566881,-2.25905371705696,-1.14644739137577,0.0192476438802337,0.49345666377622,-1.43725893997791,-0.431733323274623,0.0433491272988913,-0.563414032996608,-0.411920086664559,-1.46201184614165,0.190935576622067,-0.524965712403835,-1.10442547831444,-0.305998401454459,0.0452093770501961,-0.249160308877474,-0.176958322994338,-1.07998918541506,-0.835842038965489,-0.245634377062984,-0.615853845685492,-0.176958322994338,-0.916187243370027,-1.07998918541506,-0.615853845685492,-0.835842038965489,-0.245634377062984,-0.392887188637562,-0.409721765601224,-0.219439054265357,-0.819828982001352,-0.176958322994338,-0.916187243370027,-1.07998918541506,-0.615853845685492,-0.835842038965489,-0.245634377062984,-0.392887188637562,-0.409721765601224,-0.219439054265357,-0.819828982001352,-0.409721765601224
"R. Taylor AIK Solna",-1.44155925221082,-0.855062672994069,-0.744038023421001,-0.301506478016514,-0.906639849842322,-0.208403658411304,-2.25612961921442,-1.04340523368887,-0.0383332243139224,0.326484910267607,-0.447297764181373,0.686961234400012,-0.341415072096814,1.0669773246197,1.25375855901957,-0.977673149964624,0.824953195439245,-0.67054383963526,0.455873904080788,-0.339444620824266,-1.47788952480957,-1.64559480332805,0.212739910058626,0.7767867945923,1.82371425765215,-0.923303679487538,-0.463631916121905,0.159553619471056,-1.830863141212,0.12447519333646,1.36359752826889,-1.28952730249572,-1.04800032786381,-0.220987404669996,-1.90143355544857,-0.194436484257521,0.23508876066102,0.0820021269723327,0.0811058980390711,-1.49536964134393,-0.980666154627826,0.137409329743154,-0.083634472870869,0.0811058980390711,-1.52408399252549,-1.49536964134393,-0.083634472870869,-0.980666154627826,0.137409329743154,-0.12673780278631,0.246082889705613,-0.0877756217061427,-1.28098278437711,0.0811058980390711,-1.52408399252549,-1.49536964134393,-0.083634472870869,-0.980666154627826,0.137409329743154,-0.12673780278631,0.246082889705613,-0.0877756217061427,-1.28098278437711,0.246082889705613
"L. Hoffmann SG Sonnenhof Großaspach",-1.44155925221082,-1.39754956522596,-0.189967154916,-2.39024629853331,-1.28591150017477,1.25555866035825,-1.50527824039504,-1.96794151670432,-2.40597354958561,-0.987799393046082,-3.52705286182362,-2.45583166049058,-3.95726633998095,-1.89323415527031,-1.65074472171449,-1.57975925404841,-1.16631313837962,-0.67054383963526,-0.232856454602416,-0.00942901724511846,0.0395003067256798,-0.62439235445426,0.212739910058626,-1.84580527718235,-2.00175496354431,-1.1256980142395,-1.04780813043551,-3.28962021321207,-0.49214009227565,-1.59524787249621,-1.83233417861131,-0.685831399734986,-1.04800032786381,-0.828944020137673,-0.407043410822073,1.59055419089349,-2.13840353447428,-1.65660066123915,-2.75760053332843,-0.38768842553361,-1.2703143859525,-2.7992590891039,-2.47862165053667,-2.75760053332843,-1.67605817981436,-0.38768842553361,-2.47862165053667,-1.2703143859525,-2.7992590891039,-2.92130635422445,-2.37713573152174,-3.11603457056807,-2.04957245500338,-2.75760053332843,-1.67605817981436,-0.38768842553361,-2.47862165053667,-1.2703143859525,-2.7992590891039,-2.92130635422445,-2.37713573152174,-3.11603457056807,-2.04957245500338,-2.37713573152174
"J. Barnum-Bobb Newport County",-1.44155925221082,-1.12630611911001,-1.11341860242434,-1.45490401626892,0.863294518375756,-1.13301143868681,-1.38013634392515,1.26793547384977,-1.45891741947693,-0.768752009160467,-1.12099419179061,-1.22937589663084,-0.651345180772597,-0.906496995306978,-0.865743835029612,1.12962821432863,1.48870864004553,-0.982079694333058,0.80023908342239,-0.339444620824266,-0.870933592195472,-0.522272109566881,-0.702739211095296,-2.37032369153728,-1.20778965348467,-1.02450084686352,-1.24253353520671,-0.825924618438409,-1.96473544610564,-2.39778530321812,-0.340899382067221,-0.513346856089061,0.416196650164954,-0.828944020137673,-0.207791391538541,-0.640684153045273,-1.66370507544722,-0.828694571614634,-1.72534364919479,-1.07998918541506,-1.70478673293951,-1.26708426187935,-1.94640227772205,-1.72534364919479,-1.06816143065889,-1.07998918541506,-1.94640227772205,-1.70478673293951,-1.26708426187935,-1.45748473204257,-1.19668735196943,-1.27274651473907,-1.28098278437711,-1.72534364919479,-1.06816143065889,-1.07998918541506,-1.94640227772205,-1.70478673293951,-1.26708426187935,-1.45748473204257,-1.19668735196943,-1.27274651473907,-1.28098278437711,-1.19668735196943
"J. Kenny Everton",0.165701263865052,-1.39754956522596,0.179413424087334,-1.27127853754217,-2.55015033461625,-0.285454306767597,-1.25499444745525,-0.00330191529648334,-1.34053540321335,-1.2068467769317,-1.60220592579721,-0.692801499942201,-1.58113550679995,-1.21010842914185,-0.787243746361124,-1.57975925404841,0.824953195439245,1.82174299794712,0.80023908342239,1.31063339707147,0.747615561442131,-1.03287333400378,0.578931558520195,-0.534509241295023,-1.13561098893379,-0.417317842607624,0.217907000577296,-2.00849850392977,-1.29537392163746,-0.563414032996608,-0.838044314248586,-0.340862312443137,-1.38589193817815,-1.13292232787151,-0.307417401180307,-0.529122235848335,-0.714308157393101,-0.745903962652183,-1.46727942816138,-0.526148577509899,-0.980666154627826,-1.65012796868549,-1.28112806170377,-1.46727942816138,-1.22013561794776,-0.526148577509899,-1.28112806170377,-0.980666154627826,-1.65012796868549,-1.72363411789382,-1.45900921409216,-1.79940024497593,-1.43470071850237,-1.46727942816138,-1.22013561794776,-0.526148577509899,-1.28112806170377,-0.980666154627826,-1.65012796868549,-1.72363411789382,-1.45900921409216,-1.79940024497593,-1.43470071850237,-1.45900921409216
"J. Henriksen FC Helsingør",-0.905805746852194,0.229911111469705,-2.40625062893601,-0.617112769578118,-0.527368199509877,-1.2100620870431,-0.0035754827562823,0.690100296965107,-0.630243305631844,0.107437526381992,-1.12099419179061,-0.922761955665903,-0.444725108322075,0.687463032326105,-0.9442439236981,0.527542110244841,1.15683091774239,0.264063724458134,1.14460426276399,0.980617793492323,0.14065962882803,-0.930753089116398,0.487383646404803,-0.447089505569202,-1.27996831803554,-0.822106512111555,1.7757102387469,-0.333185499483676,-1.02762931185019,-1.02200685055199,0.724411186892846,-0.858315943380911,-0.822739254320927,-1.63955284076124,-1.2040514879562,-0.194436484257521,-0.429489081976865,0.578745780747042,-0.693086765061156,-1.07998918541506,-1.2703143859525,-0.500996848267076,-1.01501837529646,-0.693086765061156,-1.37210980523663,-1.07998918541506,-1.01501837529646,-1.2703143859525,-0.500996848267076,-0.792111267414439,-0.0162389724171221,-0.614429351943,-1.43470071850237,-0.693086765061156,-1.37210980523663,-1.07998918541506,-1.01501837529646,-1.2703143859525,-0.500996848267076,-0.792111267414439,-0.0162389724171221,-0.614429351943,-1.43470071850237,-0.0162389724171221
"A. Edwards Charlton Athletic",-1.44155925221082,-1.6687930113419,-0.559347733919334,-1.78772519646116,-0.27452043262158,-1.13301143868681,-0.879568758045559,0.574533261588175,-3.11626564716712,-1.75446523664573,-1.79469061939985,-1.53598983759578,-0.548035144547336,-0.83059413684826,-1.10124410103508,1.43067126637052,1.15683091774239,-0.67054383963526,-0.232856454602416,-0.339444620824266,-1.27557088060487,-0.62439235445426,-0.977382947441472,-1.58354607000488,-0.919074995281161,-0.720909344735573,-0.658357320893105,-1.31866373739314,-1.4292462265311,-1.93919248566274,-1.12212713263794,-0.427104584266099,-0.372217107235152,-1.13292232787151,-0.805547449389138,-1.86786524221159,-1.28394630822557,-1.07706639850199,-1.72534364919479,-1.49536964134393,-1.84961084860185,-1.65012796868549,-1.94640227772205,-1.72534364919479,-1.52408399252549,-1.49536964134393,-1.94640227772205,-1.84961084860185,-1.65012796868549,-1.72363411789382,-1.7213310762149,-1.66773681241672,-1.74213658675287,-1.72534364919479,-1.52408399252549,-1.49536964134393,-1.94640227772205,-1.84961084860185,-1.65012796868549,-1.72363411789382,-1.7213310762149,-1.66773681241672,-1.74213658675287,-1.7213310762149
"J. Ritter FC Helsingør",-1.44155925221082,-0.855062672994069,-1.11341860242434,-1.09339135502563,0.231175101155013,-2.44287246074378,1.12270158547279,-0.927838198311937,-0.748625321895428,-1.53541785276012,-2.46838704700909,-0.846108470424669,-0.134794999646293,0.611560173867387,-0.394743303018683,-0.676630097922731,-0.170679971470189,-0.982079694333058,-0.232856454602416,-0.00942901724511846,-0.769774270093122,-1.95195553799019,0.395835734289411,-1.6709658057307,0.380140966634616,-1.7328810184954,0.0231815958060955,-1.12156808981125,-0.49214009227565,-1.8245442812739,-0.127837268275208,-0.944558215203873,-0.484847644006596,0.690947518531519,-0.905173459030904,-2.2025509938024,-0.0497303147552161,0.827117607634397,-0.564054654544451,-1.91075009727279,-1.84961084860185,-0.500996848267076,-1.01501837529646,-0.564054654544451,-1.52408399252549,-1.91075009727279,-1.01501837529646,-1.84961084860185,-0.500996848267076,-0.925185960340065,-0.409721765601224,-0.614429351943,-1.58841865262762,-0.564054654544451,-1.52408399252549,-1.91075009727279,-1.01501837529646,-1.84961084860185,-0.500996848267076,-0.925185960340065,-0.409721765601224,-0.614429351943,-1.58841865262762,-0.409721765601224
"P. Gluhakovic FK Austria Wien",-0.905805746852194,-1.12630611911001,-0.928728312922668,-1.19668068680943,-0.906639849842322,0.176849583370157,-1.00471065451546,2.19247175686522,-2.40597354958561,-2.08303631247416,-0.832267151386653,-1.22937589663084,-1.58113550679995,-0.299274127637232,-1.10124410103508,1.12962821432863,0.493075473136101,0.575599579155931,-0.921586813285621,-0.339444620824266,-0.567455625888421,-0.828632844229019,1.76905441602029,-0.709348712746666,-0.0529310206706428,-0.417317842607624,-1.33989623759231,-0.727376794647462,-1.830863141212,-1.36595146371852,-0.482940791261897,-0.427104584266099,-2.62482784266403,-3.15944437943043,-0.307417401180307,0.474935018924107,-1.4738256918364,-0.414741526802377,-1.59631153867809,-0.664608729486189,-1.41513850161484,-1.52244673308344,-1.68029259131474,-1.59631153867809,-1.67605817981436,-0.664608729486189,-1.68029259131474,-1.41513850161484,-1.52244673308344,-1.85670881081945,-1.19668735196943,-1.66773681241672,-1.89585452087813,-1.59631153867809,-1.67605817981436,-0.664608729486189,-1.68029259131474,-1.41513850161484,-1.52244673308344,-1.85670881081945,-1.19668735196943,-1.66773681241672,-1.89585452087813,-1.19668735196943
"E. Damgaard FC Nordsjælland",-1.44155925221082,-1.94003645745784,-1.48279918142767,-2.21809741222698,-1.03306373328647,-0.670707548549058,-1.25499444745525,-0.350003021427278,-1.45891741947693,-0.987799393046082,-2.08341765980381,-1.22937589663084,-1.58113550679995,-1.28601128760057,-0.708743657692636,0.828585162286734,-0.502557693773333,-1.29361554903086,-1.26595199262722,-1.65950703514085,-0.870933592195472,-0.726512599341639,-0.519643386864511,-1.93322501290817,-1.49650431168817,-1.22689518161549,-0.950445428049905,-1.51575938497503,-2.09860775099928,-2.62708171199581,-2.25845840619534,-0.685831399734986,-1.83641408526392,-1.74087894333919,-0.905173459030904,-1.64474140781771,-0.809247849198513,-0.663113353689731,-1.9834078702282,-1.49536964134393,-1.99443496426419,-2.03317167549163,-2.07945712092571,-1.9834078702282,-1.9800065543921,-1.49536964134393,-2.07945712092571,-1.99443496426419,-2.03317167549163,-2.1228581966707,-2.114813869399,-2.06272711009436,-2.20329038912864,-1.9834078702282,-1.9800065543921,-1.49536964134393,-2.07945712092571,-1.99443496426419,-2.03317167549163,-2.1228581966707,-2.114813869399,-2.06272711009436,-2.20329038912864,-2.114813869399
